{"Problem / Solution": {"x": 497.9999999999999, "y": 0, "width": 800.0, "height": 949.0, "is_expanded": false}, "Documents": {"x": 4.0, "y": 475.5, "width": 477.0, "height": 462.5, "is_expanded": false}, "Parts": {"x": 9.0, "y": 0, "width": 472.0, "height": 475.0000000000007, "is_expanded": false}, "Images": {"x": 1526.0, "y": 73.99999999999983, "width": 300.0, "height": 250.0, "is_expanded": false}, "Drawings": {"x": 1445.0, "y": 536.0000000000002, "width": 300.0, "height": 250.0, "is_expanded": false}}